gene_id,gene_symbol,baseMean,log2FoldChange,lfcSE,stat,pvalue,padj,regulation_direction
ENSG00000187840.5,EIF4EBP1,125.15219736994634,-4.4135379447419165,0.7680727076506764,-5.746250193216365,9.124426752722502e-09,7.918971248582481e-08,downregulated
ENSG00000214485.6,RPL7P1,4.589681403075968,-4.3437744627570005,1.2317321879257466,-3.5265575628676022,0.0004209996377374,0.0013332368373825,downregulated
ENSG00000253626.4,EIF5AL1,6.0924774700493,-3.216578442919523,0.8064363661264503,-3.988632678322395,6.645523077428881e-05,0.0002607752038839,downregulated
ENSG00000242071.3,RPL7AP6,10.511073614944022,-3.182873981662328,0.6139615134404853,-5.184158798205943,2.1699199537990793e-07,1.4688378085772167e-06,downregulated
ENSG00000220842.6,RPL21P16,3.2108472404949326,-3.150015600908279,1.1498832183363437,-2.7394221871206508,0.0061547282075501,0.0143674004288418,downregulated
ENSG00000148303.17,RPL7A,712.4028261195897,-2.8708626321729707,0.476967197254737,-6.018993860996504,1.7550452510492155e-09,1.751832353564457e-08,downregulated
ENSG00000233762.3,RPS15P4,7.750605459545822,-2.8660672839353314,0.6760744050167597,-4.239277899988363,2.242399253367903e-05,9.844349379217786e-05,downregulated
ENSG00000139239.7,RPL14P1,6.877363973604331,-2.6858922942303,0.6668370836381075,-4.027808830871701,5.6299090194592325e-05,0.0002248046790816,downregulated
ENSG00000225031.1,EIF4BP7,6.943527776282319,-2.4658371069664375,0.689930101848836,-3.57403902273379,0.0003515165072373,0.0011376428287352,downregulated
ENSG00000147403.18,RPL10,1123.427782689725,-2.4499401794467626,0.5352822076283316,-4.57691315820431,4.718872331445073e-06,2.4227543679100055e-05,downregulated
ENSG00000137970.7,RPL7P9,8.969754515669448,-2.41318577493627,0.6209197257986767,-3.886469819963019,0.0001017125653114,0.0003771423069435,downregulated
ENSG00000108107.15,RPL28,386.863420025444,-2.4088305404373793,0.4134684329546105,-5.825911601580028,5.680167814596396e-09,5.144703489881536e-08,downregulated
ENSG00000089157.16,RPLP0,1418.1080753185097,-2.350456924182879,0.5000212246685548,-4.7007143061595205,2.592530156260901e-06,1.4051461905579088e-05,downregulated
ENSG00000147604.14,RPL7,688.2448262187836,-2.3336055056538227,0.4346794926770294,-5.368565908830928,7.936518766897152e-08,5.863667828794949e-07,downregulated
ENSG00000197258.5,EIF4BP6,5.533033574390476,-2.286235350738091,0.6517251105020565,-3.5079749328315577,0.0004515315937597,0.0014185975309566,downregulated
ENSG00000178982.10,EIF3K,94.84735659889768,-2.269866339717014,0.2561174659253412,-8.862598774808607,7.817050105690054e-19,2.7767078632752456e-17,downregulated
ENSG00000161016.18,RPL8,1044.8618207393529,-2.2482275495588206,0.4823981535448228,-4.660522709380402,3.1540735698686574e-06,1.681504389118441e-05,downregulated
ENSG00000084623.12,EIF3I,160.7761913098953,-2.246011246805568,0.2606248988016002,-8.617792302781234,6.8257347574834136e-18,2.1701060504477152e-16,downregulated
ENSG00000100129.18,EIF3L,152.62138130187498,-2.229925088818498,0.3180995537828833,-7.010148434035586,2.3806542171753698e-12,3.817799152690796e-11,downregulated
ENSG00000083845.9,RPS5,350.5824331146939,-2.205590233352372,0.3563382234176853,-6.189597658646538,6.031797391537506e-10,6.600777777693577e-09,downregulated
ENSG00000100316.16,RPL3,1458.1376678175802,-2.2046986153829,0.3714267864072599,-5.935755567627545,2.924953038125534e-09,2.7951297939002384e-08,downregulated
ENSG00000240914.1,RPL15P2,2.6567275700887008,-2.195727599712584,0.9518666172652124,-2.306759749618158,0.0210682172701609,0.042471376158814,downregulated
ENSG00000235552.5,RPL6P27,12.460558781107126,-2.1747263231696237,0.5148458696291163,-4.224033737973365,2.3996810273140185e-05,0.0001046740864114,downregulated
ENSG00000125691.14,RPL23,320.01219109322625,-2.151858986420453,0.440552767573706,-4.884452317191356,1.0371673731657422e-06,6.14523781818659e-06,downregulated
ENSG00000115268.10,RPS15,336.94638602869196,-2.14816904640535,0.4535125843980165,-4.736735253458923,2.171885912359002e-06,1.19992319804842e-05,downregulated
ENSG00000132507.18,EIF5A,621.1639643924874,-2.1138944578124153,0.4031704994478557,-5.24317741676885,1.5783463781983865e-07,1.0983961234367202e-06,downregulated
ENSG00000232573.1,RPL3P4,5.334340607171637,-2.10219173051348,0.7025081306719628,-2.992409110628645,0.0027678507073067,0.0070861396791126,downregulated
ENSG00000240087.3,RPSAP12,4.203734032727066,-2.0966418638300715,0.8229535298071484,-2.547703834895027,0.0108434484646576,0.0237135877884471,downregulated
ENSG00000178429.9,RPS3AP5,3.392529057968949,-2.082580911156442,0.8546642479615512,-2.4367240306630107,0.0148209855510643,0.0311412037445773,downregulated
ENSG00000197728.11,RPS26,207.968413907319,-2.0809172675959964,0.4045466146509285,-5.143825685926353,2.6919933203460205e-07,1.7932918239690503e-06,downregulated
ENSG00000198034.11,RPS4X,674.01662888699,-2.0775528781919763,0.4072422492201191,-5.101516068557601,3.3694340768096713e-07,2.2068275440005685e-06,downregulated
ENSG00000063046.18,EIF4B,575.4764267035536,-2.0729162729545703,0.2742110098357153,-7.559566168391603,4.044159247500803e-14,8.344665391484628e-13,downregulated
ENSG00000213553.4,RPLP0P6,27.522585436117,-2.039926956647814,0.5595848927359699,-3.6454289297804863,0.0002669461832023,0.0008913190838399,downregulated
ENSG00000240342.3,RPS2P5,181.91521826613825,-2.03749904940871,0.5816764747717101,-3.502804630715665,0.0004603870063222,0.001442056672108,downregulated
ENSG00000229132.2,EIF4A1P10,13.06266085834221,-2.0128390790582458,0.4844750156257421,-4.154680869267297,3.2574186165484304e-05,0.0001373898666155,downregulated
ENSG00000117676.14,RPS6KA1,26.590002103134392,-1.989047266619224,0.3396636585559022,-5.855931938894381,4.743424626446138e-09,4.361470957115947e-08,downregulated
ENSG00000184110.15,EIF3C,18.63029675955532,-1.972701916547896,0.3979091584598365,-4.95766904230985,7.134396002744074e-07,4.35735583365579e-06,downregulated
ENSG00000108298.12,RPL19,577.7943924669296,-1.969920552251659,0.4240347101698032,-4.645658727944255,3.389930082141073e-06,1.7967041334507122e-05,downregulated
ENSG00000071242.12,RPS6KA2,55.77245142622675,-1.9362830389745904,0.2932259104678743,-6.603383159029285,4.018790589079708e-11,5.351027029781955e-10,downregulated
ENSG00000116251.11,RPL22,94.13907785834436,-1.9316100662101736,0.2930489175212205,-6.591425358431157,4.3562382357321495e-11,5.765142956390665e-10,downregulated
ENSG00000140988.16,RPS2,1324.865246481149,-1.9285841757717943,0.4988043144322567,-3.866414383297636,0.0001104472127161,0.0004064203997536,downregulated
ENSG00000183298.5,RPSAP19,5.180954082103199,-1.9147869726586395,0.8259677958889865,-2.318234418083771,0.0204365844401312,0.0413663022403026,downregulated
ENSG00000142937.12,RPS8,751.0912493970461,-1.9092607974445437,0.4412316881218858,-4.327116226786344,1.5107425306918355e-05,6.888834328745334e-05,downregulated
ENSG00000149273.15,RPS3,792.8209741516116,-1.9037624779309008,0.3824870913668055,-4.977324780106608,6.446909698264319e-07,3.965231261115194e-06,downregulated
ENSG00000224094.1,RPS24P8,7.60589555564851,-1.8968047328373523,0.5918136392036417,-3.205071000711875,0.0013502916776197,0.0037606769874712,downregulated
ENSG00000224631.4,RPS27AP16,13.88623061456946,-1.8963118737323543,0.7694775994675739,-2.464414656182939,0.0137237241698925,0.0291396241793926,downregulated
ENSG00000174444.15,RPL4,2537.1643800294664,-1.8923327544684423,0.3741765303780889,-5.0573261571385135,4.251757127604449e-07,2.718581734185079e-06,downregulated
ENSG00000118181.11,RPS25,350.11222894023183,-1.880219891939944,0.4321774446470215,-4.350573856244632,1.3578171019980373e-05,6.248995778556065e-05,downregulated
ENSG00000109475.17,RPL34,211.23478819804916,-1.8773797993492107,0.3079315893026325,-6.096743122720476,1.0825126073232422e-09,1.1242666650342816e-08,downregulated
ENSG00000288920.1,RPSAP58,38.72873975419284,-1.8770759713066856,0.3526788797367133,-5.322337341856098,1.0244237224054277e-07,7.403141612214173e-07,downregulated
ENSG00000168028.14,RPSA,832.7039410895862,-1.8692242847560416,0.3525709019793913,-5.301697542996053,1.1473081001419729e-07,8.217664914317381e-07,downregulated
ENSG00000227939.1,RPL3P2,8.935252821231567,-1.8688536180594983,0.559720541125724,-3.3389048297223702,0.0008410937495721,0.0024616552171454,downregulated
ENSG00000070785.17,EIF2B3,42.41987590397136,-1.868679883885288,0.3092770883684949,-6.0420896153122365,1.521309226553917e-09,1.5339692201174727e-08,downregulated
ENSG00000089009.16,RPL6,702.0681000570545,-1.863662606809818,0.3440103018219722,-5.41746161943219,6.04511206968855e-08,4.555766905318151e-07,downregulated
ENSG00000142541.18,RPL13A,1248.1610756340826,-1.856025140073757,0.4727764290120985,-3.925798805054769,8.644238795552003e-05,0.0003273673348341,downregulated
ENSG00000227063.5,RPL41P1,18.668624766359,-1.8535820968307304,0.4175280288347519,-4.439419557062446,9.020182137210868e-06,4.329449216825903e-05,downregulated
ENSG00000189343.7,RPS2P46,19.388233231906504,-1.8451430425161743,0.7647387879254518,-2.41277554068049,0.0158315658873831,0.0329975584866042,downregulated
ENSG00000197958.13,RPL12,470.8884572778673,-1.835396406785477,0.4499569619912346,-4.079048802052387,4.522034429468569e-05,0.0001848998329709,downregulated
ENSG00000170889.14,RPS9,637.1659764968356,-1.8235420518412873,0.3637957022058671,-5.012544240584154,5.371502013404364e-07,3.3529610450014077e-06,downregulated
ENSG00000130255.13,RPL36,248.1510362730058,-1.8221747584760204,0.3670573542247542,-4.964278027679232,6.895710164158872e-07,4.223404624552232e-06,downregulated
ENSG00000233927.5,RPS28,215.10924109275064,-1.8076062173018952,0.423426326890601,-4.268998176320102,1.9635287409392585e-05,8.727239013630574e-05,downregulated
ENSG00000237506.3,RPSAP15,9.764635725988622,-1.734288007835454,0.5580106386195108,-3.107983769137434,0.0018836841290949,0.0050445912150737,downregulated
ENSG00000174748.22,RPL15,706.157577056546,-1.7292620577997757,0.3950335823189406,-4.377506458181601,1.200448051735435e-05,5.5970225573868234e-05,downregulated
ENSG00000188846.14,RPL14,647.9102931053244,-1.71696336461623,0.2950925020181367,-5.818390344972923,5.941701808830895e-09,5.3571110562464585e-08,downregulated
ENSG00000143947.15,RPS27A,388.6336658075544,-1.716458379337338,0.4373769776999289,-3.924436965941422,8.693281728324493e-05,0.0003288249644376,downregulated
ENSG00000186468.13,RPS23,601.9063166681855,-1.71333215349277,0.4328342462655875,-3.958402479182453,7.545273637501977e-05,0.0002903359527768,downregulated
ENSG00000220749.4,RPL21P28,5.474189035281889,-1.7103511847177029,0.6716596360131354,-2.5464552178095365,0.0108823173408814,0.023786664782985,downregulated
ENSG00000213326.4,RPS7P11,4.197665511663825,-1.6953075248621403,0.7321854025270856,-2.3154074350716463,0.0205906450117623,0.0416433575395527,downregulated
ENSG00000177600.9,RPLP2,391.28948421823185,-1.6842557000260725,0.5117106500832708,-3.2914220170168296,0.0009968224975366,0.0028636325963215,downregulated
ENSG00000112306.8,RPS12,369.7327406159067,-1.6437415183623614,0.3807530046633855,-4.317080885062361,1.581062328122677e-05,7.17797031148118e-05,downregulated
ENSG00000128829.12,EIF2AK4,124.76130343252868,-1.641752124053751,0.198779901197372,-8.259145487871164,1.4671900979313696e-16,3.984983317046472e-15,downregulated
ENSG00000226360.5,RPL10AP6,8.609635281776507,-1.6354174341328669,0.542914457101053,-3.0122930283812015,0.0025928217864689,0.0067057326174419,downregulated
ENSG00000229638.1,RPL4P4,48.66565513122169,-1.633500401322202,0.548260675151161,-2.979422882868317,0.0028879191300591,0.007357261561335,downregulated
ENSG00000086232.13,EIF2AK1,207.3400766542973,-1.631465085265922,0.3309107636932777,-4.930226708425031,8.213424429136867e-07,4.963557406469245e-06,downregulated
ENSG00000242372.9,EIF6,39.46239167534439,-1.6275222759930423,0.3625006322125657,-4.4897087932213156,7.132060868365023e-06,3.5049627656386015e-05,downregulated
ENSG00000142676.14,RPL11,551.5421382362537,-1.6220877706998853,0.444891687231785,-3.646028499190164,0.0002663244525726,0.0008897880377771,downregulated
ENSG00000167526.14,RPL13,636.1797070993226,-1.6179962634549554,0.4704823221721166,-3.4390160633135194,0.0005838325903936,0.0017801466233027,downregulated
ENSG00000063177.13,RPL18,535.7962837317442,-1.5960648149559462,0.318679008389711,-5.008377624308803,5.489075860082981e-07,3.41657375880165e-06,downregulated
ENSG00000230207.1,RPL4P5,11.181448019375075,-1.5586703364884584,0.5551248894059301,-2.807783196600098,0.0049883797623207,0.01190464630881,downregulated
ENSG00000106263.19,EIF3B,307.43563910612744,-1.5469196224879147,0.3205998049692262,-4.82507973651575,1.3994726724050883e-06,8.07473518125793e-06,downregulated
ENSG00000164587.13,RPS14,466.1303640362026,-1.5379706094250634,0.4042861046216276,-3.804163912248367,0.0001422839459134,0.0005082235277387,downregulated
ENSG00000162244.12,RPL29,600.243635541231,-1.5263625766796216,0.5050694141151176,-3.0220847551297703,0.0025104024797764,0.0065126535130157,downregulated
ENSG00000141543.12,EIF4A3,111.27234535008444,-1.51805394076059,0.3688432622997981,-4.1157155245164985,3.859801301604367e-05,0.0001601946077792,downregulated
ENSG00000236552.2,RPL13AP5,20.83425359581953,-1.4804805898364788,0.5762869980210805,-2.568998771307214,0.0101992819097171,0.0224693271162556,downregulated
ENSG00000198755.11,RPL10A,517.3979693248987,-1.476665220709604,0.3046020718114451,-4.8478502195601925,1.2480657230805715e-06,7.282052814442821e-06,downregulated
ENSG00000071082.11,RPL31,366.53130149216656,-1.4646685480070374,0.4010589277421722,-3.652003350860763,0.0002602024888997,0.0008718722204491,downregulated
ENSG00000104131.13,EIF3J,122.32087023555184,-1.4478004696111413,0.3237940434446577,-4.4713622715502375,7.772290803384658e-06,3.785477052742728e-05,downregulated
ENSG00000163584.18,RPL22L1,41.47205051719492,-1.4468575996050528,0.3615338241943031,-4.001997884511774,6.280986042484974e-05,0.0002480324200372,downregulated
ENSG00000147677.12,EIF3H,219.6183581063539,-1.4122132355481232,0.3066721758274184,-4.604960432872314,4.125442911796052e-06,2.1458600025345077e-05,downregulated
ENSG00000108406.10,DHX40,88.93634505838776,-1.3821128957947115,0.2156151234416361,-6.410092547004612,1.4543132722837348e-10,1.7700096243587196e-09,downregulated
ENSG00000224546.2,EIF4BP3,5.36145713872788,-1.3805791221101518,0.5846223877382843,-2.3614886310652037,0.0182017300090415,0.0373592820908334,downregulated
ENSG00000145425.10,RPS3A,681.104522787978,-1.3496427999389784,0.4892505240736504,-2.758592446056955,0.005805088304049,0.0136579262040246,downregulated
ENSG00000182899.17,RPL35A,332.318168763353,-1.3469937255922948,0.390369772964014,-3.450558467590334,0.0005594279772666,0.0017170171945096,downregulated
ENSG00000122406.14,RPL5,779.0635397012089,-1.334228238999401,0.3355415959521772,-3.976342292863029,6.998337300722465e-05,0.000272511581019,downregulated
ENSG00000166441.13,RPL27A,548.3064465626162,-1.3206868487156764,0.4536122058209685,-2.9114887821976394,0.003597108236542,0.0089323614526906,downregulated
ENSG00000215030.5,RPL13P12,15.861287999148024,-1.3095519360093832,0.5716197179932955,-2.290949550527477,0.0219663316608248,0.0440417074391054,downregulated
ENSG00000177954.14,RPS27,271.74392604159146,-1.3077240503458296,0.4478422233267156,-2.9200552833800177,0.0034996929663576,0.0087212412701394,downregulated
ENSG00000110700.7,RPS13,311.4004506666022,-1.3024182717082375,0.3946154877087945,-3.30047429022693,0.0009652155676659,0.0027823620844297,downregulated
ENSG00000175390.15,EIF3F,213.15013192424328,-1.2930986121678836,0.3635987176713297,-3.556389363663167,0.0003759867124948,0.0012066318716176,downregulated
ENSG00000144713.13,RPL32,402.6288229916151,-1.2889702665868112,0.3392158308216264,-3.799852923917943,0.0001447819886722,0.0005162163107636,downregulated
ENSG00000165502.7,RPL36AL,115.08682444984272,-1.2877617732327509,0.356440440932693,-3.612838570907053,0.000302863267586,0.0009955836752563,downregulated
ENSG00000105640.13,RPL18A,695.66209804647,-1.2858337356827527,0.5584298677801148,-2.302587683560396,0.0213020527882217,0.0428912270412773,downregulated
ENSG00000125977.7,EIF2S2,309.6342250437667,-1.2828823553277708,0.4316321123250593,-2.972166154221724,0.0029570660684035,0.0075123600409879,downregulated
ENSG00000105372.8,RPS19,632.2571829694454,-1.2733966722199173,0.3851478609542518,-3.3062540424472777,0.0009455232000767,0.0027302874346186,downregulated
ENSG00000138326.21,RPS24,512.2952113646213,-1.2726389693860718,0.3243085705741622,-3.924160768039423,8.703260257730736e-05,0.0003291453203071,downregulated
ENSG00000106682.16,EIF4H,434.2600678934765,-1.271945929930445,0.3467634933858232,-3.668050282661174,0.0002444071255802,0.0008246471857836,downregulated
ENSG00000163682.17,RPL9,388.2360605888631,-1.2712256060294695,0.3615341934361688,-3.5161974416505983,0.0004377752987929,0.0013805493445163,downregulated
ENSG00000005100.13,DHX33,76.7956627608616,-1.260003285741127,0.1931847063048432,-6.522272439894162,6.925008066460456e-11,8.889607176545175e-10,downregulated
ENSG00000163923.10,RPL39L,25.789145846975387,-1.2505136023638312,0.4506236269445772,-2.7750733152694487,0.0055189264947164,0.0130579070134264,downregulated
ENSG00000104408.11,EIF3E,385.57762825662303,-1.2271808517746154,0.2018239112854761,-6.080453222605478,1.1984331188283547e-09,1.2294367978196812e-08,downregulated
ENSG00000114391.13,RPL24,392.1131716226196,-1.2248034063415,0.3549235399564491,-3.450893695278113,0.0005587335977264,0.0017151273422118,downregulated
ENSG00000122026.11,RPL21,412.7678658740001,-1.2182808739483844,0.3904394983462403,-3.1202808094687624,0.001806787089411,0.0048577448742671,downregulated
ENSG00000198242.14,RPL23A,450.7954208273314,-1.201547400684184,0.4440539358632578,-2.70585913926949,0.0068127937195107,0.015735151013717,downregulated
ENSG00000197756.10,RPL37A,477.2279452017661,-1.1851787623344978,0.4628826146812685,-2.5604304952144026,0.0104542572841758,0.0229753477799149,downregulated
ENSG00000171858.18,RPS21,214.39010972100652,-1.1817281505079786,0.4416785543923699,-2.675538893061531,0.0074609215871541,0.017033675265972,downregulated
ENSG00000136942.15,RPL35,391.7125374388903,-1.1572433680542404,0.3646250973055296,-3.1737896722028256,0.0015046267922317,0.0041371546064769,downregulated
ENSG00000137818.12,RPLP1,1021.9930874921496,-1.144039783126377,0.4051638024713216,-2.823647562166798,0.004748056374902,0.0114009809024126,downregulated
ENSG00000137154.13,RPS6,853.3544370960014,-1.132295559347832,0.331175435927693,-3.419020363560572,0.0006284702293483,0.0019011006521618,downregulated
ENSG00000172809.13,RPL38,226.81955071634613,-1.1301195604630223,0.3395613120250734,-3.3281752674449954,0.0008741685133203,0.0025481608018747,downregulated
ENSG00000231500.7,RPS18,789.9519966799254,-1.094319131525381,0.4602421843481379,-2.377702802439362,0.0174208603985784,0.0359663920194052,downregulated
ENSG00000156482.11,RPL30,393.5005190287707,-1.0448061534562243,0.3088324298601171,-3.3830843280592644,0.0007167661988231,0.0021385322566802,downregulated
ENSG00000100353.18,EIF3D,217.244383331578,-1.019987120275798,0.2379743806451282,-4.286121545986169,1.8181953399738827e-05,8.137664757814566e-05,downregulated
ENSG00000163412.13,EIF4E3,28.984688436240376,-0.9941325690522308,0.342182602063357,-2.905269183931688,0.003669373756343,0.0090807944656578,downregulated
ENSG00000188856.6,RPSAP47,16.602680450582206,-0.9818404801074192,0.4016693889005008,-2.4443995665067595,0.0145093472405192,0.0305688623759394,downregulated
ENSG00000187051.9,RPS19BP1,59.23856199552298,-0.9519163617819024,0.2718722898271026,-3.5013364634817115,0.0004629309887112,0.0014491926028122,downregulated
ENSG00000149100.13,EIF3M,228.05172913211052,-0.9368553835654584,0.2744949732583814,-3.4130147173354564,0.0006424847237167,0.001939996099164,downregulated
ENSG00000146223.16,RPL7L1,271.6951681579688,-0.9356132677696006,0.2479152790483767,-3.773923379635793,0.0001607001343661,0.0005672228403504,downregulated
ENSG00000173674.11,EIF1AX,183.461664940384,-0.9334573816980656,0.2453893754601606,-3.80398450400561,0.0001423870910974,0.0005084748173404,downregulated
ENSG00000144895.12,EIF2A,137.31409354430508,-0.9080977062303786,0.3669791716236261,-2.4745211075949665,0.0133414936861085,0.0284575038918364,downregulated
ENSG00000037241.7,RPL26L1,39.22755846383753,-0.8981268373341973,0.3963754352215851,-2.265848883476139,0.0234606372209093,0.0466305019400376,downregulated
ENSG00000072133.11,RPS6KA6,53.40385293558879,-0.8612549678143229,0.2879391242514898,-2.9911008795806833,0.002779736471498,0.0071126933683678,downregulated
ENSG00000171863.15,RPS7,535.1802312199123,-0.811177024710131,0.3194833182145753,-2.539027794137653,0.0111160991774636,0.0242128759410464,downregulated
ENSG00000108443.14,RPS6KB1,72.28049570113568,-0.7122745665439228,0.2173351014068187,-3.2773103006985136,0.0010480112585608,0.002996084093487,downregulated
ENSG00000130741.11,EIF2S3,569.9646167407815,-0.6773798064394962,0.1856516878903482,-3.64865956316852,0.00026361215374,0.0008819421802532,downregulated
ENSG00000158417.11,EIF5B,219.4405534103676,-0.6376778748940607,0.1603190557991285,-3.977555080495471,6.962749741012833e-05,0.0002713195852268,downregulated
ENSG00000175634.15,RPS6KB2,49.84906679146846,-0.6083917775766209,0.234323249302666,-2.5963782056930484,0.0094212299798291,0.0209520776853342,downregulated
ENSG00000184708.18,EIF4ENIF1,68.34132761951766,0.4746335764623669,0.1844112087968722,2.57377834871834,0.0100594694655745,0.0221926996807789,upregulated
ENSG00000145592.14,RPL37,735.7894806229823,0.5651841399334386,0.203436984748618,2.778177923900231,0.005466467628182,0.0129436173022094,upregulated
ENSG00000145191.15,EIF2B5,135.06450373305483,0.6171419322872697,0.167236934167774,3.6902251010422464,0.0002240556990157,0.000763778492581,upregulated
ENSG00000109606.13,DHX15,545.3155060624982,0.7642139391541203,0.1151021973716811,6.639438313122435,3.1488074607354966e-11,4.286859595420798e-10,upregulated
ENSG00000067248.11,DHX29,126.64784963204478,0.9748369892726652,0.2084341388468345,4.676954527055729,2.911667916221196e-06,1.563354929906063e-05,upregulated
ENSG00000177189.14,RPS6KA3,146.84233331472805,0.9940020750592174,0.3487286732172786,2.8503594668279413,0.0043669843767971,0.0105991463674545,upregulated
ENSG00000055332.19,EIF2AK2,203.1190460725636,0.9982891366943348,0.3158938547481808,3.160204358803165,0.0015765851529758,0.0043132616892125,upregulated
ENSG00000163214.21,DHX57,77.08689902307738,1.0027515035896104,0.2301193345639724,4.3575282602377285,1.3153951859027897e-05,6.084574550273562e-05,upregulated
ENSG00000161970.15,RPL26,41.28208503716404,1.218991151362814,0.2555287014938969,4.770466660833905,1.8379960614550672e-06,1.0302414315172196e-05,upregulated
ENSG00000172071.15,EIF2AK3,47.48181068821891,1.2205972425997305,0.2336590546910723,5.223838828816279,1.752513326765268e-07,1.2076561028989096e-06,upregulated
ENSG00000134419.15,RPS15A,169.62307276503938,1.3056600639873637,0.2078834342835928,6.280731644091434,3.3698337459668974e-10,3.8560374606263404e-09,upregulated
ENSG00000134815.19,DHX34,31.16047844103035,1.3091297032950695,0.2899261020389821,4.515390970624129,6.320005649699998e-06,3.148454162173526e-05,upregulated
ENSG00000100664.11,EIF5,623.7952319971358,1.4226433594061156,0.330491906838863,4.30462389537348,1.672696615595155e-05,7.542177627895458e-05,upregulated
ENSG00000163577.8,EIF5A2,51.85271829702807,1.555477623977144,0.2967829501995785,5.241128652879579,1.5959738985947806e-07,1.1092476331533515e-06,upregulated
ENSG00000251474.7,RPL32P3,59.146114267343705,1.5556581007814874,0.1919140762601086,8.106013540523435,5.230761843883208e-16,1.3374316039284028e-14,upregulated
ENSG00000226318.1,RPS3AP38,3.260616122835394,1.7226272430063632,0.7179312006008903,2.3994322040392833,0.0164205202309604,0.0341265301968783,upregulated
ENSG00000175376.9,EIF1AD,87.8176006172651,1.774602850976282,0.282298188018868,6.2862707813685015,3.2518255840796315e-10,3.732753473093515e-09,upregulated
ENSG00000241343.10,RPL36A,28.0120837911832,1.8518376166882875,0.4277445030707463,4.329307807333775,1.495787450958685e-05,6.82777821377332e-05,upregulated
ENSG00000265681.8,RPL17,16.700680490958725,1.9611105712888413,0.3318958995821335,5.908812292522854,3.4458306636889703e-09,3.251993369755796e-08,upregulated
ENSG00000176054.6,RPL23P2,4.007312110365929,2.03451250465534,0.6512038766104418,3.1242327905741423,0.0017826935710736,0.0048024390791892,upregulated
ENSG00000241464.3,RPL39P38,2.6651543603683896,2.1643958906527687,0.7900887774008738,2.739433785875181,0.0061545110487673,0.0143674004288418,upregulated
ENSG00000227474.1,RPL6P24,3.280370706118118,2.2415430374598886,0.9362156637123452,2.394259276299193,0.0166539714837612,0.0345466157562137,upregulated
ENSG00000224856.2,RPL35AP36,2.374990700894666,2.243415678130168,0.8876922709721294,2.527244802608633,0.011496133892714,0.0249607446689989,upregulated
ENSG00000234028.4,EIF2AK3-DT,9.550694758664424,2.430992254073856,0.4890980802484677,4.970357382795048,6.682960372880351e-07,4.103473134361499e-06,upregulated
ENSG00000224321.1,RPL12P14,3.874298814205068,2.445645940173468,0.6542949500500271,3.7378340456188375,0.0001856123922026,0.0006441060101732,upregulated
ENSG00000232713.2,RPS12P3,2.0421599495595,2.4645637746931377,0.9522563154874648,2.5881306688226218,0.0096498367115109,0.0213819911285232,upregulated
ENSG00000224401.2,RPL7P57,1.3334928839870137,2.5057449033045773,1.0952838078575942,2.2877585565752905,0.0221515855367229,0.0443709515568533,upregulated
ENSG00000235330.2,RPL12P25,1.4365314048648297,2.5783138384570026,1.0493434625440647,2.4570733325064507,0.014007409020037,0.0296574692483261,upregulated
ENSG00000182774.13,RPS17,68.28531471423204,2.6774472050696803,0.283212846459584,9.453833886916447,3.2664239647172207e-21,1.4421195682283926e-19,upregulated
ENSG00000239272.1,RPL21P10,3.042893969595578,2.8027787640223067,0.832330850324182,3.367385412820709,0.0007588455454688,0.0022486985525374,upregulated
ENSG00000231940.1,RPS7P3,1.6329917604651785,2.821588691362106,0.987589706808212,2.857045463222971,0.0042760458633821,0.0103957819953589,upregulated
ENSG00000272721.5,EIF2B5-DT,8.479676281144583,3.1199952321428457,0.6145122623210346,5.07718954274161,3.830586938610949e-07,2.4783477048681337e-06,upregulated
ENSG00000237641.1,RPL28P2,5.164891304793461,3.356937705711992,0.6727102308937618,4.990168948749256,6.032650586988375e-07,3.728311399892787e-06,upregulated
ENSG00000235990.2,RPL23AP20,1.7530168788563083,3.36456806687768,1.0231263889380278,3.2885165540202643,0.00100716861359,0.0028887884616516,upregulated
ENSG00000161960.16,EIF4A1,19.13333735274787,3.528223314647347,0.6333811510062797,5.570458339408913,2.5407006511101506e-08,2.047014451448555e-07,upregulated
ENSG00000240970.1,RPL23AP64,2.573699209740328,3.550163097085665,1.0391299544334038,3.416476526289175,0.0006343713263589,0.0019178872508857,upregulated
ENSG00000140986.8,RPL3L,5.865997092556461,3.7199317391782856,0.6099030278243801,6.099218350248017,1.0658838841360403e-09,1.1096385447736056e-08,upregulated
ENSG00000124614.16,RPS10,18.260697629666844,3.79151563254222,0.3997013026439507,9.485872594014682,2.4036352269415064e-21,1.0720508036726842e-19,upregulated
ENSG00000243431.1,RPL5P30,5.016099385149399,4.163690195041129,0.7146571453208309,5.826136661898096,5.6725170229197955e-09,5.1399084449472676e-08,upregulated
ENSG00000243742.5,RPLP0P2,2.868327916363272,4.863879338743115,1.1705203531250248,4.155313767725317,3.248414447102403e-05,0.0001370896267246,upregulated
ENSG00000224463.1,RPL39P14,2.7892936909147954,5.433173215543023,1.2275382830064552,4.426072319501299,9.59643628574564e-06,4.572055949494865e-05,upregulated
ENSG00000241458.1,RPL7P19,46.74033970412984,5.6352192759530695,1.6983188541599423,3.3181161842194102,0.0009062677914298,0.0026298164623584,upregulated
ENSG00000260282.1,EIF4EBP2P2,3.1330322485394517,7.369811563782932,2.2890424596798473,3.219604569857432,0.0012836753301033,0.0035948843027162,upregulated
ENSG00000228000.1,RPL7AP65,6.757151234077032,7.516041001424902,1.5803357710298882,4.7559772671137965,1.9748869386731513e-06,1.09901592720527e-05,upregulated
ENSG00000237382.2,RPL21P121,3.317187666846033,7.571864946394183,2.197234951204529,3.4460879762736667,0.000568765162041,0.001741020096016,upregulated
ENSG00000239210.2,RPS26P55,8.605784515435715,7.934741018018632,1.8546209144930617,4.278362740337961,1.8827303020288628e-05,8.405803047543397e-05,upregulated
ENSG00000237139.1,RPS26P41,5.6554357456718,8.20526615051673,2.187550966495171,3.7508914197610506,0.0001762069984826,0.0006146952394283,upregulated
ENSG00000241112.1,RPL29P14,6.138369763931414,8.353438842402436,2.0199036649334796,4.135562991157569,3.540854672546797e-05,0.0001480844494884,upregulated
